PLC Tag,MES Signal,Type,Unit,Category,Logged,Section,Description
p01r13_status,p01r13_status,int,state,STATUS,yes,Line,"Line start-sequence step, 1..9 (SYS_ENC encoded). Drives machine status. Producing condition: 5-7."
p01r12_master_ramped_speed,p01r12_master_ramped_speed,float,ft/min,SPEED,yes,Line,"Master ramped line speed - the actual speed every drive follows."
p01r12_selected_line_speed,p01r12_selected_line_speed,float,ft/min,SPEED,yes,Line,"Selected line speed setpoint (from recipe, or slow-speed during start)."
p01r13_line_running,p01r13_line_running,bool,,STATUS,,Line,"Line is in run states 5-8."
p01r12_line_at_speed,p01r12_line_at_speed,bool,,STATUS,,Line,"Ramped speed has reached the selected setpoint."
p01_r15_footage_ft,p01_r15_footage_ft,float,ft,PRODUCTION,yes,Line,"Customer footage counter. Operator-resettable from the HMI."
p01r10_fault_exists,p01r10_fault_exists,bool,,ALARM,,Line,"Any annunciated line fault is active."
p01r10_warning_exists,p01r10_warning_exists,bool,,ALARM,,Line,"Any annunciated line warning is active."
p01_int_from_oxidizer[0],p01_int_from_oxidizer_0,int,bits,STATUS,yes,Oxidizer,"Status word from the oxidizer (INT, read by MSG). Bit 9 = Oxidizer Ready, a producing condition (HMI mirror p01_dint_to_hmi[0].9). Other bits: 0 combustion purge, 1 purge, 2 heat, 3 soak, 4 run, 5 bake, 6 fault, 7 shutdown, 13 oven purge, 14 process block open, 15 1/3 flow fresh air."
p20_ai_letoff_dia,p20_ai_letoff_dia,float,in,DIAGNOSTIC,yes,Letoff,"Running letoff roll diameter - how much substrate is left."
p20_ai_lc01,p20_ai_lc01,float,lbf,CUSTOM,yes,Letoff,"Line tension load cell at the splicer."
p20r10_pid_tens_pv,p20r10_pid_tens_pv,float,lbf,CUSTOM,yes,Letoff,"Letoff tension PID process value."
p20_ai_loa_speed,p20_ai_loa_speed,float,ft/min,SPEED,yes,Letoff,"Letoff A surface speed."
p20_ai_lob_speed,p20_ai_lob_speed,float,ft/min,SPEED,yes,Letoff,"Letoff B surface speed."
p20r13_ai_loa_footage_ft,p20r13_ai_loa_footage_ft,float,ft,PRODUCTION,yes,Letoff,"Letoff A yardage counter (scaled analog input)."
p20r13_ai_lob_footage_ft,p20r13_ai_lob_footage_ft,float,ft,PRODUCTION,yes,Letoff,"Letoff B yardage counter (scaled analog input)."
p20_ai_acc_pstn,p20_ai_acc_pstn,float,%,LEVEL,yes,Letoff,"Letoff accumulator carriage position - the splice reservoir."
p20_ao_acc_ten_prs,p20_ao_acc_ten_prs,float,psi,PRESSURE,yes,Letoff,"Accumulator tension pressure command."
p20_di_acc_empty,p20_di_acc_empty,bool,,STATUS,,Letoff,"Letoff accumulator at empty position."
p20_di_acc_full,p20_di_acc_full,bool,,STATUS,,Letoff,"Letoff accumulator at full control position."
p21_ai_splice_platen_temp,p21_ai_splice_platen_temp,float,degF,TEMPERATURE,yes,Splice,"Splice press platen temperature."
p21r10_remaining_cure_time_sec,p21r10_remaining_cure_time_sec,float,s,CYCLE_TIME,,Splice,"Remaining splice cure time."
p22_ai_ts1_lc,p22_ai_ts1_lc,float,lbf,CUSTOM,yes,TS1,"Tension stand 1 load cell - web tension entering the coater."
p22_ai_speed,p22_ai_speed,float,ft/min,SPEED,yes,TS1,"Tension stand 1 roll surface speed."
p22r10_stretch,p22r10_stretch,float,%,CUSTOM,yes,TS1,"Tension stand 1 stretch (draw) applied to the web."
p22_ai_amps,p22_ai_amps,float,A,POWER,yes,TS1,"Tension stand 1 motor current."
p22r09_mode_run,p22r09_mode_run,bool,,STATUS,,TS1,"Tension stand 1 in Run mode (vs Jog/Thread)."
p23_ai_metering_roll_speed_fpm,p23_ai_metering_roll_speed_fpm,float,ft/min,SPEED,yes,Coater,"Impreg metering roll surface speed - sets pickup / coat weight."
p23_ai_servo_os_position,p23_ai_servo_os_position,float,in,CUSTOM,yes,Coater,"Metering gap, operator side (servo actual position)."
p23_ai_servo_ds_position,p23_ai_servo_ds_position,float,in,CUSTOM,yes,Coater,"Metering gap, drive side (servo actual position)."
p23r15_average_tension,p23r15_average_tension,float,lbf,CUSTOM,yes,Coater,"Averaged wet-web tension used by the metering roll PID."
p23_ai_lfl,p23_ai_lfl,float,%LEL,SAFETY,yes,Coater,"Impreg enclosure solvent concentration, % of lower explosive limit."
p23_ai_prs,p23_ai_prs,float,inH2O,PRESSURE,yes,Coater,"Impreg enclosure pressure."
p23_di_tank_level_low,p23_di_tank_level_low,bool,,LEVEL,,Coater,"Dip tank level low."
p23_di_tank_level_high,p23_di_tank_level_high,bool,,LEVEL,,Coater,"Dip tank level high."
p23_di_impreg_tank_up,p23_di_impreg_tank_up,bool,,STATUS,yes,Coater,"Dip tank raised - the web is being impregnated. Producing condition."
p23_di_metering_bar_close,p23_di_metering_bar_close,bool,,STATUS,yes,Coater,"Metering bar closed (physical input, SSS: Metering Bar Close): web through and gap applied. Producing condition."
p23_di_metering_bar_open,p23_di_metering_bar_open,bool,,DIAGNOSTIC,yes,Coater,"Metering bar open (physical input, SSS: Metering Bar Open). Diagnostic companion to MeteringBarClosed: both on, or both off for long, is a travel or switch fault."
p23_ai_supply_rpm,p23_ai_supply_rpm,float,rpm,SPEED,yes,Coater,"Impreg enclosure supply fan speed."
p11_ai_tc01,p11_ai_tc01,float,degF,TEMPERATURE,yes,Zone1,"Zone 1 control thermocouple - the drying temperature of record."
p11_ai_tc02,p11_ai_tc02,float,degF,TEMPERATURE,yes,Zone1,"Zone 1 supply air thermocouple."
p11_ai_lfl,p11_ai_lfl,float,%LEL,SAFETY,yes,Zone1,"Zone 1 solvent concentration, % of lower explosive limit."
p11_ai_prs,p11_ai_prs,float,inH2O,PRESSURE,yes,Zone1,"Zone 1 oven pressure."
p11_ai_recirc_rpm,p11_ai_recirc_rpm,float,rpm,SPEED,yes,Zone1,"Zone 1 recirculation fan speed."
p11_ai_exh_rpm,p11_ai_exh_rpm,float,rpm,SPEED,yes,Zone1,"Zone 1 exhaust fan speed."
p11_ao_cv,p11_ao_cv,float,%,CUSTOM,yes,Zone1,"Zone 1 heat control valve output."
p11r30_request_heat,p11r30_request_heat,bool,,STATUS,yes,Zone1,"Zone 1 temperature control is requesting heat. Producing condition."
p12_ai_tc01,p12_ai_tc01,float,degF,TEMPERATURE,yes,Zone2,"Zone 2 control thermocouple."
p12_ai_tc02,p12_ai_tc02,float,degF,TEMPERATURE,yes,Zone2,"Zone 2 supply air thermocouple."
p12_ai_lfl,p12_ai_lfl,float,%LEL,SAFETY,yes,Zone2,"Zone 2 solvent concentration, % of lower explosive limit."
p12_ai_prs,p12_ai_prs,float,inH2O,PRESSURE,yes,Zone2,"Zone 2 oven pressure."
p12_ai_recirc_rpm,p12_ai_recirc_rpm,float,rpm,SPEED,yes,Zone2,"Zone 2 recirculation fan speed."
p12_ai_exhaust_rpm,p12_ai_exhaust_rpm,float,rpm,SPEED,yes,Zone2,"Zone 2 exhaust fan speed."
p12_ao_cv,p12_ao_cv,float,%,CUSTOM,yes,Zone2,"Zone 2 heat control valve output."
p12r30_request_heat,p12r30_request_heat,bool,,STATUS,yes,Zone2,"Zone 2 temperature control is requesting heat. Producing condition."
p13_ai_tc01,p13_ai_tc01,float,degF,TEMPERATURE,yes,Zone3,"Zone 3 (cooling) control thermocouple."
p13_ai_tc02,p13_ai_tc02,float,degF,TEMPERATURE,yes,Zone3,"Zone 3 (cooling) supply air thermocouple."
p13_ai_recirc_rpm,p13_ai_recirc_rpm,float,rpm,SPEED,yes,Zone3,"Zone 3 recirculation fan speed."
p13_ai_exhaust_rpm,p13_ai_exhaust_rpm,float,rpm,SPEED,yes,Zone3,"Zone 3 exhaust fan speed."
p13_ao_cv,p13_ao_cv,float,%,CUSTOM,yes,Zone3,"Zone 3 cooling control valve output."
p19_ai_tc01,p19_ai_tc01,float,degF,TEMPERATURE,yes,Cooling,"Advanced cooling control temperature."
p19_ai_prs,p19_ai_prs,float,psi,PRESSURE,yes,Cooling,"Advanced cooling circuit pressure."
p19_ao_cv,p19_ao_cv,float,%,CUSTOM,yes,Cooling,"Advanced cooling control valve output."
p25_ai_ts2_lc,p25_ai_ts2_lc,float,lbf,CUSTOM,yes,TS2,"Tension stand 2 load cell - the lead drive's web tension."
p25_ai_speed,p25_ai_speed,float,ft/min,SPEED,yes,TS2,"Tension stand 2 surface speed - the line's lead drive, measured from VFD feedback. The web speed of record for the producing test (>= 3 fpm)."
p25r09_mode_run,p25r09_mode_run,bool,,STATUS,,TS2,"Tension stand 2 in Run mode."
p00_wac_position_pct,p00_wac_position_pct,float,%,LEVEL,yes,WAC,"Winder accumulator carriage position - the reservoir that covers a doff."
p00_wac_payout_fpm,p00_wac_payout_fpm,float,ft/min,SPEED,yes,WAC,"Web the accumulator carriage is releasing, added to winder speed."
p00_wac.OUT_Full,p00_wac_OUT_Full,bool,,STATUS,,WAC,"Winder accumulator full."
p00_wac.OUT_Empty,p00_wac_OUT_Empty,bool,,STATUS,,WAC,"Winder accumulator empty."
p29_ai_wdr_lc,p29_ai_wdr_lc,float,lbf,CUSTOM,yes,Winder,"Winder load cell - shared by both winder positions."
p29r10_tension_error,p29r10_tension_error,float,lbf,CUSTOM,yes,Winder,"Winder tension error (setpoint minus load cell)."
p29r15_wdra_active,p29r15_wdra_active,bool,,STATUS,,Winder,"Winder A selected as the winding position. Also drops when winder A is stopped, so this is NOT a doff signal."
p29r16_wdrb_active,p29r16_wdrb_active,bool,,STATUS,,Winder,"Winder B selected as the winding position. Also drops when winder B is stopped, so this is NOT a doff signal."
p29r20_index_complete,p29r20_index_complete,bool,,STATUS,,Turret,"Turret index complete. Drops when an index starts and returns only when the move completes: one rising edge per completed doff. Drives the roll counter."
p29_param_turret_encoder_enable,p29_param_turret_encoder_enable,bool,,STATUS,,Turret,"Turret positioning mode, 0 = original prox index and 1 = encoder. Roll counting is only valid at 0."
p29r17_winder_a_avg_diam_inch,p29r17_winder_a_avg_diam_inch,float,in,DIAGNOSTIC,yes,Winder,"Winder A calculated roll diameter - build-up of the roll in progress."
p29r18_winder_b_avg_diam_inch,p29r18_winder_b_avg_diam_inch,float,in,DIAGNOSTIC,yes,Winder,"Winder B calculated roll diameter."
p29r13_ai_wa_footage_ft,p29r13_ai_wa_footage_ft,float,ft,PRODUCTION,yes,Winder,"Winder A yardage counter (scaled analog input)."
p29r13_ai_wb_footage_ft,p29r13_ai_wb_footage_ft,float,ft,PRODUCTION,yes,Winder,"Winder B yardage counter (scaled analog input)."
p01_recipe_active.name,p01_recipe_active_name,string,,CUSTOM,,Recipe,"Active recipe name"
p01_recipe_active.line_speed_sp,p01_recipe_active_line_speed_sp,float,ft/min,CUSTOM,,Recipe,"Line speed setpoint"
p01_recipe_active.letoff_tension_sp,p01_recipe_active_letoff_tension_sp,float,lbf,CUSTOM,,Recipe,"Letoff tension setpoint"
p01_recipe_active.acc_tension_sp,p01_recipe_active_acc_tension_sp,float,psi,CUSTOM,,Recipe,"Accumulator tension setpoint"
p01_recipe_active.cure_time_sp,p01_recipe_active_cure_time_sp,float,s,CUSTOM,,Recipe,"Splice cure time setpoint"
p01_recipe_active.platen_temp_sp,p01_recipe_active_platen_temp_sp,float,degF,CUSTOM,,Recipe,"Splice platen temperature setpoint"
p01_recipe_active.impreg_gap_sp,p01_recipe_active_impreg_gap_sp,float,in,CUSTOM,yes,Recipe,"Coater metering gap setpoint"
p01_recipe_active.impreg_gap_os_offset_sp,p01_recipe_active_impreg_gap_os_offset_sp,float,in,CUSTOM,yes,Recipe,"Coater gap operator-side offset"
p01_recipe_active.impreg_gap_ds_offset_sp,p01_recipe_active_impreg_gap_ds_offset_sp,float,in,CUSTOM,yes,Recipe,"Coater gap drive-side offset"
p01_recipe_active.impreg_roll_speed_sp,p01_recipe_active_impreg_roll_speed_sp,float,ft/min,CUSTOM,,Recipe,"Metering roll speed setpoint"
p01_recipe_active.impreg_supply_speed_sp,p01_recipe_active_impreg_supply_speed_sp,float,rpm,CUSTOM,,Recipe,"Impreg supply fan speed setpoint"
p01_recipe_active.ts1_tension_sp,p01_recipe_active_ts1_tension_sp,float,lbf,CUSTOM,,Recipe,"Tension stand 1 tension setpoint"
p01_recipe_active.ts1_stretch_sp,p01_recipe_active_ts1_stretch_sp,float,%,CUSTOM,,Recipe,"Tension stand 1 stretch setpoint"
p01_recipe_active.ts2_tension_sp,p01_recipe_active_ts2_tension_sp,float,lbf,CUSTOM,,Recipe,"Tension stand 2 tension setpoint"
p01_recipe_active.adv_cooling_temp_sp,p01_recipe_active_adv_cooling_temp_sp,float,degF,CUSTOM,,Recipe,"Advanced cooling temperature setpoint"
p01_recipe_active.upper_poly_tension_sp,p01_recipe_active_upper_poly_tension_sp,float,lbf,CUSTOM,,Recipe,"Upper poly liner tension setpoint"
p01_recipe_active.lower_poly_tension_sp,p01_recipe_active_lower_poly_tension_sp,float,lbf,CUSTOM,,Recipe,"Lower poly liner tension setpoint"
p01_recipe_active.winder_tension_sp,p01_recipe_active_winder_tension_sp,float,lbf,CUSTOM,,Recipe,"Winder tension setpoint"
p01_recipe_active.winder_torque_sp,p01_recipe_active_winder_torque_sp,float,%,CUSTOM,,Recipe,"Winder torque setpoint"
p01_recipe_active.winder_mode_sp,p01_recipe_active_winder_mode_sp,float,mode,CUSTOM,,Recipe,"Winder mode: 0 = tension, 1 = torque"
p01_recipe_active.zone_1.temp_sp,p01_recipe_active_zone_1_temp_sp,float,degF,CUSTOM,,Recipe,"Zone 1 temperature setpoint"
p01_recipe_active.zone_1.recirc_sp,p01_recipe_active_zone_1_recirc_sp,float,%,CUSTOM,,Recipe,"Zone 1 recirculation fan setpoint"
p01_recipe_active.zone_1.exhaust_sp,p01_recipe_active_zone_1_exhaust_sp,float,%,CUSTOM,,Recipe,"Zone 1 exhaust fan setpoint"
p01_recipe_active.zone_2.temp_sp,p01_recipe_active_zone_2_temp_sp,float,degF,CUSTOM,,Recipe,"Zone 2 temperature setpoint"
p01_recipe_active.zone_2.recirc_sp,p01_recipe_active_zone_2_recirc_sp,float,%,CUSTOM,,Recipe,"Zone 2 recirculation fan setpoint"
p01_recipe_active.zone_2.exhaust_sp,p01_recipe_active_zone_2_exhaust_sp,float,%,CUSTOM,,Recipe,"Zone 2 exhaust fan setpoint"
p01_recipe_active.zone_3.temp_sp,p01_recipe_active_zone_3_temp_sp,float,degF,CUSTOM,,Recipe,"Zone 3 temperature setpoint"
p01_recipe_active.zone_3.recirc_sp,p01_recipe_active_zone_3_recirc_sp,float,%,CUSTOM,,Recipe,"Zone 3 recirculation fan setpoint"
p01_recipe_active.zone_3.exhaust_sp,p01_recipe_active_zone_3_exhaust_sp,float,%,CUSTOM,,Recipe,"Zone 3 exhaust fan setpoint"
(edge derived),RollCount,int,rolls,COUNTER,,Winder,"Completed turret indexes since reset. Increments once per doff."
